ID No.,Program of Study,Gender,Nationality,Place of Birth,Father's Education,Mother's Education,Parental Income,Number of immediate family members,Any close family member with the same profession available for guidance,Availing any scholarship,I opted for this program of study because of my own interest.,Basic Education Stream,Intermediate Stream,Matric percentage,Intermediate percentage,SGPA in BS First semester,SGPA in BS Second semester,SGPA in BS Third semester,SGPA in BS Fourth semester,SGPA in BS Fifth semester,CGPA in BS Fifth semester,I understand the lecture more clearly if delivered in:,I understand the lecture more clearly if delivered on:,I understand the lecture more clearly if my sitting place is in:,I understand the lecture more clearly if the duration is:,I understand the lecture more clearly if delivered by:,I understand the lecture more clearly if the number of students in classroom are:,I understand the lecture more clearly if:,Lecture attendance has a positive effect on my academic performance.,TVFs often reschedule classes that negatively impacts my performance.,TVFs are very difficult to access after class timings and hence I am unable to clarify my concepts.,TVFs do not provide assessment results timely so I remain unaware of my standing in class.,TVFs are not aware of the university's curriculum and other requirements.,TVFs grade students according to their own beliefs and criteria and hence my GPA suffers.,TVFs are not very well prepared for the lectures due to their busy schedule.,TVFs have short-term relations with students and hence do not show sincere behavior to polish my academic skills. ,What is your residence place?,An ample amount of time is consumed on daily commuting and all energy is drained during travelling.,"Due to class/ lab cancellation or roads blockage, lots of time get wasted due to fixed official transport timings.",Hostelite can be more focused towards their studies whereas a day scholar may have a lot of distractions due to family issues.,"Hostelites have more opportunities to engage with their peers and participate in social events, that improve their performance.","Hostelites have better access to campus resources like libraries, instructors, labs and also get benefit of group study. ",Hostelites have a big social circle and connections with seniors who can guide them in studies and in other academic and administrative issues.,Un-announced quizzes are quite stressful and cause unnecessary anxiety and pressure on students.,Un-announced quizzes are a form of torture and have negative impact on learning environment.,I am not usually prepared for surprise quizzes and hence these are not true measures of my knowledge and understandings.,Un-announced quizzes are a waste of time and energy and are not effective and productive in the long term.,I cannot miss a single class despite my health or any other emergency situations due to unannounced quizzes as it badly effects my grade.,"I usually do not perform very well in surprise quizzes, hence lose my interest in the subject.","Due to overall academic workload, it is not possible to study/ practice each subject on daily basis, to prepare myself for unannounced quizzes.",Class Representative (CR) is favored more than any ordinary student as he/ she is in more contact with teachers.,"If a student is more active in class, then it is more likely that the teacher would be lenient during his/ her exam checking. ","Some teachers show more kindness towards female students, and it is clearly reflected in their grades. ",Preferential treatment with selective students creates a negative classroom environment and affects the learning experience. ,Discrimination distracts me from focusing on the course and I lose interest in attending the classes. ,"Discrimination negatively effects my mental condition, confidence, and overall engagement in the classroom. ",A proper classroom environment and discipline is not possible to maintain in online environment.,"Due to lack of technical expertise, senior instructors struggle a lot in online lectures, and I lose my interest.",It is difficult to convey complex concepts in online mode and hence quality of education suffers.,"It becomes a hobby to watch recorded lectures later on, so I try to cover a lot of content in a short time that becomes difficult to absorb.",I am easily distracted by social media and other sources of interruptions during online lectures.,"It reduces social interaction that results in a feeling of isolation, and I lose interest in studies.","It is easier for students to cheat in online exams, leading to academic dishonesty and hence I lose my motivation.",Lack of technical resources create disruptions during lectures and make it difficult to understand. ,I prefer to revise the lectures daily or before the next class of the same subject.,I frequently make use of You tube or Chat GPT for understanding of different concepts.,I enjoy and perform well in non-technical (Humanities/ Management/ Social Science) courses.,I am usually well prepared for exams but unable to attempt properly due to exam stress.,Instructors often miss lectures and arrange makeup classes that further increases my burden.,My classes schedule is usually very tight that hinders the process of learning.,I often come across health issues that effect my academic performance.,My preferable mode of study is:,My preferable time of study is:,My overall mobile usage (daily) for non-academic purpose is limited to:,Identify any other variable that has negatively impacted on your academic performance.,,,,,,,,
33,Computer Science,Male,Pakistani,Punjab,Matric,Matric,Between 50K~1Lac,6,YES,NO,Strongly Agree,Matric,FSc/ ICS,78.95,81.18,3.38,3.45,3.88,3.89,4,3.73,Mix of both English and Urdu,Mix of both whiteboard and power point,First row,1 hour,Instructor gender does not effect my performance,Number of students does not effect my performance,I take notes during lecture,Strongly agree,Disagree,Agree,Agree,Agree,Agree,Neutral,Disagree,Hostelite,Neutral,Strongly Agree,Neutral,Neutral,Neutral,Agree,Strongly agree,Strongly agree,Strongly agree,Strongly agree,Strongly agree,Neutral,Strongly agree,Agree,Neutral,Strongly agree,Agree,Agree,Agree,Agree,Strongly agree,Strongly agree,Strongly agree,Neutral,Strongly agree,Strongly agree,Strongly agree,Neutral,Strongly Agree,Disagree,Strongly Agree,Agree,Disagree,Strongly Agree,Independent study,Late night,7~8 hours,"Teachers not in good 'Mood' gives marks without justice, if in a bad mood regards of the effort and work marks badly. No knowledge (skill) or experience related to the course that teacher is teaching. No experience in teaching.",,,,,,,,
32,Computer Science,Male,Pakistani,Federal/ Capital,Intermediate,BS,Between 1Lac~2Lac,5,YES,NO,Neutral,Matric,FSc/ ICS,83.64,79.45,3.81,3.63,3.71,3.76,3.65,3.72,Language does not effect my performance,Mix of both whiteboard and power point,Sitting place does not effect my performance,1 hour,Instructor gender does not effect my performance,Not more than 30,Notes taking has no relation with my academic performance,Strongly agree,Strongly agree,Neutral,Agree,Strongly agree,Agree,Neutral,Strongly agree,Day scholar,Strongly Agree,Strongly Agree,Strongly Agree,Strongly Agree,Strongly Agree,Strongly Agree,Strongly agree,Strongly agree,Strongly agree,Strongly agree,Strongly agree,Strongly agree,Strongly agree,Neutral,Strongly agree,Strongly agree,Agree,Neutral,Strongly agree,Strongly agree,Strongly agree,Strongly agree,Strongly agree,Strongly agree,Strongly agree,Strongly agree,Strongly agree,Strongly disagree,Strongly Agree,Strongly Agree,Neutral,Strongly Agree,Disagree,Neutral,Group study,Late night,7~8 hours,Financial Issues,,,,,,,,
9,Computer Science,Male,Pakistani,Federal/ Capital,BS,Intermediate,Between 50K~1Lac,5,NO,NO,Strongly Agree,Matric,FSc/ ICS,83.91,83.27,3.5,3.37,3.77,3.67,3.67,3.6,Urdu,Mix of both whiteboard and power point,Sitting place does not effect my performance,Duration of lecture does not effect my performance,Instructor gender does not effect my performance,Number of students does not effect my performance,Notes taking has no relation with my academic performance,Strongly agree,Neutral,Disagree,Strongly disagree,Disagree,Neutral,Disagree,Disagree,Day scholar,Strongly Agree,Strongly Agree,Agree,Agree,Neutral,Neutral,Agree,Neutral,Disagree,Disagree,Agree,Strongly disagree,Strongly agree,Disagree,Neutral,Agree,Disagree,Neutral,Neutral,Strongly agree,Agree,Strongly agree,Agree,Agree,Agree,Strongly agree,Neutral,Neutral,Neutral,Strongly disagree,Disagree,Neutral,Neutral,Disagree,Independent study,Late night,More than 8 hours,NIL,,,,,,,,
17,Computer Science,Male,Pakistani,Punjab,Intermediate,Intermediate,Between 50K~1Lac,6,NO,NO,Strongly Agree,Matric,FSc/ ICS,84.09,71.18,3.63,3.45,3.71,3.58,3.61,3.59,Mix of both English and Urdu,Whiteboard,Middle row,1 hour,Instructor gender does not effect my performance,Not more than 50,Notes taking has no relation with my academic performance,Strongly agree,Agree,Neutral,Disagree,Agree,Disagree,Disagree,Disagree,Day scholar,Agree,Agree,Agree,Strongly Agree,Strongly Agree,Agree,Agree,Strongly agree,Disagree,Agree,Strongly agree,Strongly agree,Strongly agree,Agree,Strongly agree,Agree,Strongly agree,Strongly agree,Agree,Strongly agree,Strongly agree,Strongly agree,Neutral,Strongly agree,Strongly agree,Strongly agree,Strongly agree,Strongly disagree,Strongly Agree,Strongly disagree,Neutral,Neutral,Neutral,Disagree,Independent study,Late night,More than 8 hours,not as such everything is covered in the questionaries. ,,,,,,,,
12,Computer Science,Male,Pakistani,Punjab,MS,Intermediate,Above 3Lac,5,NO,NO,Strongly Agree,Matric,FSc/ ICS,83.45,75.27,3.56,3.65,3.71,3.46,3.5,3.58,Urdu,Mix of both whiteboard and power point,Sitting place does not effect my performance,1 hour,Instructor gender does not effect my performance,Number of students does not effect my performance,Only understand the concepts without noting them down,Agree,Agree,Neutral,Neutral,Neutral,Neutral,Disagree,Neutral,Day scholar,Neutral,Strongly Agree,Neutral,Strongly Agree,Strongly Agree,Strongly Agree,Strongly agree,Strongly agree,Strongly agree,Strongly agree,Strongly agree,Strongly agree,Strongly agree,Strongly agree,Strongly agree,Neutral,Strongly agree,Strongly agree,Neutral,Strongly agree,Strongly agree,Strongly agree,Strongly agree,Strongly agree,Strongly agree,Strongly agree,Strongly agree,Disagree,Strongly Agree,Neutral,Disagree,Strongly Agree,Neutral,Disagree,Independent study,Day time,More than 8 hours,Nothing more.,,,,,,,,
47,Computer Science,Female,Pakistani,Federal/ Capital,MS,MS,Between 2Lac~3Lac,4,YES,NO,Agree,Matric,FSc/ ICS,85.64,79.73,3.63,3.63,3.27,3.24,3.48,3.45,Language does not effect my performance,Mix of both whiteboard and power point,Sitting place does not effect my performance,1 hour,Instructor gender does not effect my performance,Not more than 50,Only understand the concepts without noting them down,Neutral,Neutral,Disagree,Disagree,Neutral,Neutral,Neutral,Neutral,Day scholar,Strongly Agree,Strongly Agree,Strongly Agree,Strongly Agree,Strongly Agree,Strongly Agree,Agree,Neutral,Neutral,Neutral,Agree,Disagree,Disagree,Disagree,Agree,Disagree,Agree,Neutral,Agree,Disagree,Neutral,Disagree,Agree,Disagree,Disagree,Neutral,Neutral,Agree,Neutral,Strongly Agree,Neutral,Strongly Agree,Agree,Strongly Agree,Independent study,Day time,3~4 hours,Having classes in OHTs,,,,,,,,
10,Computer Science,Female,Pakistani,Federal/ Capital,BS,BS,Above 3Lac,5,NO,NO,Agree,Matric,FSc/ ICS,91.64,83,3.69,3.59,3.51,3.04,3.48,3.45,Mix of both English and Urdu,Mix of both whiteboard and power point,Middle row,1 hour,Instructor gender does not effect my performance,Number of students does not effect my performance,I take notes during lecture,Agree,Agree,Neutral,Disagree,Disagree,Disagree,Disagree,Neutral,Day scholar,Strongly Agree,Strongly Agree,Agree,Strongly Agree,Strongly Agree,Agree,Strongly agree,Neutral,Strongly agree,Neutral,Agree,Disagree,Agree,Disagree,Agree,Disagree,Neutral,Neutral,Disagree,Agree,Agree,Agree,Agree,Agree,Agree,Neutral,Agree,Strongly disagree,Agree,Agree,Agree,Disagree,Agree,Neutral,Independent study,Day time,5~6 hours,Tight classes schedule,,,,,,,,
26,Computer Science,Male,Pakistani,Federal/ Capital,BS,BS,Between 1Lac~2Lac,5,NO,NO,Strongly Agree,Matric,FSc/ ICS,76.18,75,3.12,3.41,3.71,3.28,3.46,3.4,Mix of both English and Urdu,Mix of both whiteboard and power point,First row,1 hour,Instructor gender does not effect my performance,Not more than 30,Notes taking has no relation with my academic performance,Disagree,Agree,Strongly agree,Disagree,Neutral,Agree,Disagree,Disagree,Day scholar,Strongly Agree,Strongly Agree,Disagree,Strongly Agree,Strongly Agree,Strongly Agree,Strongly agree,Strongly agree,Neutral,Agree,Agree,Agree,Agree,Neutral,Disagree,Disagree,Agree,Disagree,Neutral,Strongly agree,Strongly agree,Strongly agree,Strongly agree,Strongly agree,Strongly agree,Strongly agree,Strongly agree,Agree,Strongly Agree,Neutral,Agree,Neutral,Neutral,Agree,Independent study,Late night,7~8 hours,N/A,,,,,,,,
30,Computer Science,Male,Pakistani,KPK,BS,Intermediate,Between 1Lac~2Lac,5,YES,YES,Strongly Agree,Matric,FSc/ ICS,80.27,67.91,3.38,3.35,3.45,3.26,3.17,3.32,Mix of both English and Urdu,Mix of both whiteboard and power point,Sitting place does not effect my performance,1 hour,Instructor gender does not effect my performance,Not more than 30,Notes taking has no relation with my academic performance,Strongly agree,Agree,Neutral,Disagree,Strongly agree,Disagree,Agree,Disagree,Day scholar,Strongly Agree,Strongly Agree,Disagree,Strongly Agree,Strongly Agree,Strongly Agree,Strongly agree,Agree,Disagree,Strongly disagree,Agree,Agree,Strongly agree,Neutral,Agree,Agree,Agree,Agree,Agree,Strongly agree,Agree,Strongly agree,Strongly agree,Strongly agree,Strongly agree,Strongly agree,Strongly agree,Neutral,Strongly Agree,Strongly disagree,Agree,Agree,Neutral,Strongly Agree,Independent study,Late night,5~6 hours,Co education ,,,,,,,,
20,Computer Science,Female,Pakistani,International,Intermediate,Intermediate,Between 50K~1Lac,4,YES,NO,Agree,Cambridge,A-Level,72.56,72.27,3.5,3.77,3.31,2.89,3.15,3.32,English,Mix of both whiteboard and power point,Sitting place does not effect my performance,Duration of lecture does not effect my performance,Instructor gender does not effect my performance,Not more than 30,I take notes during lecture,Strongly disagree,Agree,Strongly agree,Agree,Agree,Agree,Agree,Agree,Day scholar,Strongly Agree,Agree,Agree,Agree,Agree,Agree,Strongly agree,Agree,Agree,Agree,Strongly agree,Strongly agree,Strongly agree,Agree,Neutral,Disagree,Agree,Agree,Agree,Strongly disagree,Neutral,Strongly disagree,Disagree,Strongly disagree,Disagree,Disagree,Neutral,Disagree,Agree,Agree,Strongly Agree,Strongly Agree,Agree,Agree,Group study,Late night,3~4 hours,lack of academic resources from the institute,,,,,,,,
14,Computer Science,Female,Pakistani,Punjab,BS,Intermediate,Between 1Lac~2Lac,5,NO,NO,Disagree,Matric,FSc/ ICS,88.9,76.55,2.92,3.37,3.36,3.17,3.67,3.3,Mix of both English and Urdu,Mix of both whiteboard and power point,First row,1 hour,Instructor gender does not effect my performance,Not more than 40,I take notes during lecture,Neutral,Neutral,Neutral,Disagree,Neutral,Agree,Neutral,Disagree,Day scholar,Agree,Strongly Agree,Disagree,Agree,Disagree,Agree,Agree,Agree,Disagree,Neutral,Disagree,Neutral,Strongly agree,Neutral,Disagree,Disagree,Disagree,Disagree,Neutral,Agree,Agree,Disagree,Agree,Agree,Disagree,Agree,Agree,Disagree,Agree,Disagree,Agree,Agree,Neutral,Disagree,Independent study,Late night,3~4 hours,Students jealousy over grades.,,,,,,,,
11,Computer Science,Female,Pakistani,Sindh,MS,BS,Between 2Lac~3Lac,5,NO,NO,Neutral,Matric,FSc/ ICS,91.36,79.55,3.31,3.22,3.3,3.2,3.26,3.26,Mix of both English and Urdu,Mode of lecture delivery does not effect my performance,Middle row,1 hour,Instructor gender does not effect my performance,Number of students does not effect my performance,I take notes during lecture,Strongly agree,Neutral,Disagree,Neutral,Neutral,Neutral,Disagree,Disagree,Day scholar,Disagree,Strongly Agree,Disagree,Neutral,Neutral,Agree,Strongly agree,Neutral,Agree,Strongly agree,Agree,Neutral,Agree,Neutral,Disagree,Disagree,Agree,Disagree,Neutral,Strongly agree,Neutral,Strongly agree,Agree,Neutral,Neutral,Neutral,Strongly agree,Neutral,Agree,Neutral,Agree,Neutral,Neutral,Neutral,Independent study,Day time,3~4 hours,Busy Schedule ,,,,,,,,
7,Computer Science,Male,Pakistani,Punjab,Intermediate,Matric,Between 50K~1Lac,Above 6,NO,NO,Agree,Matric,FSc/ ICS,89.64,87.45,3.23,3.35,3.23,3.11,3.17,3.22,Urdu,Mix of both whiteboard and power point,First row,1 hour,Instructor gender does not effect my performance,Not more than 40,Only understand the concepts without noting them down,Agree,Agree,Neutral,Neutral,Agree,Agree,Disagree,Neutral,Day scholar,Agree,Agree,Neutral,Agree,Neutral,Agree,Agree,Neutral,Agree,Neutral,Agree,Neutral,Agree,Neutral,Agree,Agree,Agree,Agree,Neutral,Neutral,Agree,Agree,Agree,Agree,Neutral,Agree,Agree,Neutral,Agree,Agree,Agree,Agree,Agree,Agree,Group study,Day time,5~6 hours,Nill,,,,,,,,
13,Computer Science,Male,Pakistani,Federal/ Capital,MS,MS,Above 3Lac,4,NO,YES,Agree,Matric,FSc/ ICS,90.64,75.36,3.56,3.24,3.28,3.13,2.69,3.17,Language does not effect my performance,Mix of both whiteboard and power point,First row,1 hour,Instructor gender does not effect my performance,Not more than 30,Only understand the concepts without noting them down,Agree,Strongly agree,Strongly agree,Neutral,Agree,Agree,Neutral,Disagree,Day scholar,Strongly Agree,Strongly Agree,Agree,Strongly Agree,Strongly Agree,Agree,Strongly agree,Agree,Strongly agree,Strongly agree,Strongly agree,Strongly agree,Strongly agree,Strongly agree,Neutral,Agree,Strongly agree,Disagree,Neutral,Neutral,Disagree,Agree,Agree,Disagree,Strongly agree,Strongly agree,Agree,Neutral,Agree,Strongly Agree,Neutral,Strongly Agree,Neutral,Disagree,Group study,Late night,3~4 hours,"Stress, Depression and Anxiety ",,,,,,,,
51,Computer Science,Male,Pakistani,Punjab,BS,Intermediate,Above 3Lac,Above 6,YES,NO,Strongly Agree,Matric,FSc/ ICS,80.18,84.73,3.38,2.86,2.82,3.3,3.37,3.15,Mix of both English and Urdu,Mix of both whiteboard and power point,Sitting place does not effect my performance,1 hour,Instructor gender does not effect my performance,Number of students does not effect my performance,I take notes during lecture,Strongly disagree,Strongly disagree,Agree,Agree,Agree,Agree,Strongly disagree,Strongly agree,Hostelite,Strongly Agree,Strongly Agree,Strongly Agree,Strongly Agree,Strongly disagree,Strongly Agree,Strongly agree,Strongly agree,Strongly agree,Strongly agree,Strongly agree,Strongly agree,Strongly agree,Neutral,Agree,Neutral,Agree,Agree,Agree,Agree,Neutral,Neutral,Disagree,Disagree,Agree,Disagree,Agree,Strongly disagree,Strongly Agree,Disagree,Agree,Agree,Disagree,Agree,Group study,Late night,3~4 hours,Laziness ,,,,,,,,
18,Computer Science,Female,Pakistani,Punjab,BS,MS,Between 2Lac~3Lac,6,YES,YES,Strongly disagree,Matric,FSc/ ICS,84.82,77.82,3.25,2.69,3.18,3.2,3.39,3.14,Urdu,Mix of both whiteboard and power point,First row,1 hour,Instructor gender does not effect my performance,Number of students does not effect my performance,I take notes during lecture,Strongly agree,Neutral,Agree,Neutral,Neutral,Agree,Neutral,Agree,Day scholar,Strongly Agree,Strongly Agree,Strongly Agree,Strongly Agree,Strongly Agree,Strongly Agree,Strongly agree,Strongly agree,Neutral,Neutral,Neutral,Agree,Agree,Agree,Strongly agree,Neutral,Strongly agree,Strongly agree,Strongly agree,Strongly agree,Strongly agree,Strongly agree,Strongly agree,Strongly agree,Agree,Strongly agree,Strongly agree,Strongly Agree,Strongly Agree,Strongly disagree,Neutral,Agree,Neutral,Strongly Agree,Group study,Late night,3~4 hours,"Traveling, my health issues, surprise quizzes, favouritism, teachers attitude, etc all have negative impacts on student",,,,,,,,
16,Computer Science,Female,Pakistani,Punjab,MS,MS,Above 3Lac,5,YES,YES,Strongly disagree,Cambridge,FSc/ ICS,70.67,76.64,3.25,3.06,3.18,3,3.19,3.13,Mix of both English and Urdu,Mix of both whiteboard and power point,First row,1 hour,Instructor gender does not effect my performance,Number of students does not effect my performance,Only understand the concepts without noting them down,Agree,Disagree,Disagree,Disagree,Disagree,Disagree,Disagree,Disagree,Day scholar,Agree,Strongly Agree,Disagree,Disagree,Agree,Neutral,Agree,Disagree,Neutral,Disagree,Agree,Neutral,Agree,Disagree,Agree,Disagree,Agree,Agree,Agree,Neutral,Disagree,Agree,Agree,Agree,Disagree,Neutral,Agree,Neutral,Agree,Agree,Agree,Disagree,Disagree,Disagree,Independent study,Late night,7~8 hours,time management ,,,,,,,,
37,Computer Science,Male,Pakistani,Punjab,MS,Matric,Between 30K~50K,6,NO,NO,Strongly Agree,Matric,FSc/ ICS,85.55,74,3.23,2.94,3.14,3.2,2.98,3.1,Mix of both English and Urdu,Mix of both whiteboard and power point,First row,1 hour,Instructor gender does not effect my performance,Not more than 30,Only understand the concepts without noting them down,Strongly disagree,Agree,Neutral,Disagree,Neutral,Agree,Neutral,Agree,Hostelite,Strongly disagree,Strongly disagree,Strongly disagree,Strongly Agree,Agree,Neutral,Strongly agree,Strongly agree,Strongly agree,Strongly agree,Strongly agree,Strongly agree,Agree,Agree,Agree,Agree,Strongly agree,Strongly agree,Strongly agree,Agree,Agree,Agree,Agree,Agree,Agree,Agree,Agree,Disagree,Agree,Agree,Strongly Agree,Agree,Disagree,Neutral,Group study,Late night,More than 8 hours,NIL,,,,,,,,
53,Computer Science,Male,Pakistani,Punjab,Intermediate,Intermediate,Between 50K~1Lac,6,NO,YES,Strongly Agree,Matric,FSc/ ICS,91.82,70.18,3.48,3.04,2.71,3.04,3.02,3.05,Urdu,Mix of both whiteboard and power point,Middle row,1 hour,Instructor gender does not effect my performance,Number of students does not effect my performance,Only understand the concepts without noting them down,Agree,Agree,Neutral,Neutral,Strongly agree,Agree,Disagree,Disagree,Hostelite,Neutral,Neutral,Disagree,Agree,Agree,Agree,Strongly agree,Agree,Strongly agree,Agree,Strongly agree,Neutral,Strongly agree,Disagree,Agree,Neutral,Agree,Neutral,Neutral,Strongly agree,Agree,Agree,Agree,Strongly agree,Neutral,Agree,Agree,Disagree,Strongly Agree,Agree,Agree,Strongly Agree,Disagree,Agree,Independent study,Late night,3~4 hours,The only thing that negatively impacted my academic performance is sudden medical emergency(COVID) in my family and unfortunately I loss my father in the last months of Second Semester. As I’m only brother and have to manage things that’s why I’ll suffer in Third Semester and my SGPA goes below 3.0. But I l’ll avail Sponsorship in 4th semester which always motivates me and I am performing well in next semesters.,,,,,,,,
36,Computer Science,Female,Pakistani,Punjab,MS,MS,Between 2Lac~3Lac,4,NO,NO,Strongly Agree,Cambridge,A-Level,80,73.18,3.25,2.8,2.86,2.7,3.48,3.02,Mix of both English and Urdu,Mix of both whiteboard and power point,First row,1 hour,Instructor gender does not effect my performance,Not more than 30,Only understand the concepts without noting them down,Strongly disagree,Agree,Neutral,Neutral,Neutral,Neutral,Neutral,Neutral,Hostelite,Neutral,Strongly disagree,Neutral,Strongly Agree,Agree,Neutral,Strongly agree,Strongly agree,Strongly agree,Strongly agree,Strongly agree,Strongly agree,Agree,Agree,Agree,Neutral,Strongly agree,Strongly agree,Strongly agree,Agree,Agree,Agree,Agree,Agree,Agree,Agree,Agree,Disagree,Agree,Neutral,Strongly Agree,Agree,Disagree,Neutral,Group study,Late night,3~4 hours,NIL,,,,,,,,
43,Computer Science,Female,Pakistani,Punjab,BS,MS,Above 3Lac,6,YES,NO,Strongly Agree,Matric,FSc/ ICS,73.64,81.64,2.92,2.76,3.04,3.28,2.96,3,Mix of both English and Urdu,Mix of both whiteboard and power point,Sitting place does not effect my performance,Duration of lecture does not effect my performance,Instructor gender does not effect my performance,Number of students does not effect my performance,I take notes during lecture,Strongly agree,Agree,Agree,Agree,Neutral,Neutral,Neutral,Neutral,Day scholar,Strongly Agree,Strongly Agree,Neutral,Neutral,Neutral,Neutral,Strongly agree,Strongly agree,Strongly agree,Strongly agree,Strongly agree,Agree,Strongly agree,Strongly disagree,Neutral,Strongly disagree,Agree,Agree,Agree,Agree,Agree,Agree,Agree,Agree,Agree,Agree,Agree,Agree,Strongly Agree,Strongly Agree,Strongly Agree,Strongly Agree,Agree,Agree,Independent study,Day time,3~4 hours,When teacher is cutting unnecessary marks in exam and is not marking our proj according to our efforts  ,,,,,,,,
39,Computer Science,Male,Pakistani,Punjab,BS,Intermediate,Between 1Lac~2Lac,Above 6,YES,NO,Strongly disagree,Matric,FSc/ ICS,77.82,72.91,3.44,2.98,3.08,2.63,2.83,2.98,Language does not effect my performance,Mode of lecture delivery does not effect my performance,Middle row,Duration of lecture does not effect my performance,Instructor gender does not effect my performance,Not more than 30,Only understand the concepts without noting them down,Strongly agree,Neutral,Strongly agree,Strongly agree,Strongly agree,Strongly agree,Disagree,Strongly disagree,Hostelite,Strongly disagree,Neutral,Strongly Agree,Strongly Agree,Strongly Agree,Strongly Agree,Strongly agree,Strongly agree,Agree,Disagree,Agree,Strongly agree,Strongly agree,Neutral,Strongly agree,Agree,Agree,Agree,Strongly agree,Strongly agree,Strongly agree,Strongly agree,Neutral,Strongly agree,Strongly agree,Strongly agree,Strongly agree,Strongly disagree,Strongly Agree,Neutral,Agree,Neutral,Agree,Agree,Group study,Late night,3~4 hours,N/A,,,,,,,,
8,Computer Science,Male,Pakistani,Punjab,BS,Matric,Between 30K~50K,Above 6,YES,NO,Agree,Matric,FSc/ ICS,86.67,66,3.25,2.96,3.26,2.76,2.65,2.97,Urdu,Power point,First row,1 hour,Female instructor,Not more than 40,I take notes during lecture,Agree,Strongly agree,Strongly agree,Agree,Agree,Agree,Neutral,Agree,Day scholar,Agree,Strongly Agree,Agree,Agree,Agree,Agree,Agree,Neutral,Disagree,Disagree,Agree,Neutral,Agree,Disagree,Agree,Agree,Agree,Neutral,Neutral,Agree,Agree,Agree,Disagree,Disagree,Agree,Strongly agree,Strongly agree,Agree,Strongly Agree,Agree,Agree,Agree,Agree,Agree,Group study,Day time,5~6 hours,eyesight issue,,,,,,,,
42,Computer Science,Male,Pakistani,Punjab,BS,MS,Between 1Lac~2Lac,5,YES,NO,Neutral,Matric,FSc/ ICS,84.09,72.55,3.12,2.61,2.94,3,3.19,2.97,Mix of both English and Urdu,Mix of both whiteboard and power point,Sitting place does not effect my performance,1 hour,Instructor gender does not effect my performance,Not more than 50,Notes taking has no relation with my academic performance,Neutral,Disagree,Disagree,Disagree,Disagree,Disagree,Disagree,Disagree,Hostelite,Agree,Neutral,Strongly disagree,Disagree,Agree,Neutral,Strongly agree,Agree,Agree,Neutral,Neutral,Agree,Strongly agree,Agree,Neutral,Neutral,Neutral,Disagree,Neutral,Disagree,Agree,Neutral,Disagree,Disagree,Disagree,Agree,Agree,Disagree,Strongly Agree,Strongly Agree,Agree,Agree,Disagree,Strongly Agree,Independent study,Day time,3~4 hours,Hostel issues,,,,,,,,
44,Computer Science,Male,Pakistani,Punjab,Matric,Below Matric,Below 30K,Above 6,NO,YES,Disagree,Matric,FSc/ ICS,84.45,73.27,3.44,2.98,3.08,2.94,2.48,2.97,Urdu,Whiteboard,First row,1 hour,Instructor gender does not effect my performance,Not more than 30,Only understand the concepts without noting them down,Strongly disagree,Strongly agree,Strongly agree,Strongly agree,Strongly agree,Strongly agree,Strongly agree,Strongly agree,Day scholar,Strongly Agree,Strongly Agree,Strongly Agree,Strongly Agree,Strongly Agree,Strongly Agree,Agree,Agree,Neutral,Neutral,Strongly agree,Strongly agree,Strongly agree,Agree,Strongly agree,Neutral,Strongly agree,Strongly agree,Strongly agree,Strongly agree,Strongly agree,Strongly agree,Strongly agree,Strongly agree,Strongly agree,Strongly agree,Strongly agree,Disagree,Agree,Strongly disagree,Disagree,Strongly Agree,Disagree,Strongly Agree,Independent study,Late night,More than 8 hours,Nill,,,,,,,,
2,Computer Science,Male,Pakistani,Punjab,BS,PhD/ Doctor,Between 1Lac~2Lac,5,NO,NO,Strongly Agree,Matric,FSc/ ICS,84.36,75,3.25,3.45,3.2,2.26,2.78,2.97,Language does not effect my performance,Mode of lecture delivery does not effect my performance,First row,1 hour,Instructor gender does not effect my performance,Not more than 30,I take notes during lecture,Agree,Strongly disagree,Neutral,Neutral,Strongly disagree,Strongly disagree,Strongly disagree,Strongly disagree,Day scholar,Strongly Agree,Strongly Agree,Disagree,Strongly disagree,Strongly disagree,Strongly disagree,Neutral,Disagree,Disagree,Neutral,Agree,Disagree,Disagree,Strongly agree,Neutral,Disagree,Strongly agree,Agree,Strongly disagree,Strongly disagree,Strongly agree,Strongly disagree,Disagree,Strongly disagree,Strongly disagree,Neutral,Agree,Neutral,Neutral,Agree,Disagree,Disagree,Disagree,Disagree,Independent study,Day time,5~6 hours,1. Instructors can create engaging and useful content and activities in place of existing slides and course contents that they reuse from 2003. 2. A less hostile class environment where peers are supportive rather than distanced and acting selfishly to save their own grades.,,,,,,,,
23,Computer Science,Female,Pakistani,Punjab,MS,Intermediate,Between 50K~1Lac,6,NO,NO,Agree,Matric,FSc/ ICS,88.55,65.45,3.37,3.32,2.82,2.63,2.63,2.94,Mix of both English and Urdu,Mix of both whiteboard and power point,Middle row,1 hour,Instructor gender does not effect my performance,Not more than 40,I take notes during lecture,Neutral,Neutral,Neutral,Neutral,Neutral,Neutral,Neutral,Neutral,Hostelite,Neutral,Agree,Agree,Agree,Neutral,Disagree,Strongly agree,Strongly agree,Strongly agree,Strongly agree,Strongly agree,Strongly agree,Strongly agree,Neutral,Neutral,Disagree,Neutral,Neutral,Neutral,Neutral,Neutral,Neutral,Neutral,Neutral,Neutral,Neutral,Neutral,Neutral,Neutral,Neutral,Neutral,Neutral,Neutral,Neutral,Independent study,Day time,More than 8 hours,no,,,,,,,,
34,Computer Science,Male,Pakistani,Balochistan,MS,MS,Between 50K~1Lac,4,NO,NO,Strongly Agree,Matric,FSc/ ICS,87.27,67.45,3.19,2.87,3.24,2.87,2.54,2.93,Language does not effect my performance,Mode of lecture delivery does not effect my performance,First row,Duration of lecture does not effect my performance,Instructor gender does not effect my performance,Not more than 30,I take notes during lecture,Agree,Neutral,Agree,Neutral,Strongly agree,Agree,Disagree,Neutral,Day scholar,Disagree,Neutral,Agree,Agree,Agree,Agree,Strongly agree,Strongly agree,Strongly agree,Strongly agree,Strongly agree,Strongly agree,Strongly agree,Strongly disagree,Agree,Agree,Agree,Neutral,Neutral,Neutral,Strongly agree,Agree,Neutral,Neutral,Agree,Agree,Agree,Disagree,Strongly Agree,Strongly disagree,Neutral,Neutral,Disagree,Disagree,Group study,Late night,1~2 hours,Popularity of Ratta Subjects in Academics. I hate these because they are far off from Industry Knowledge.,,,,,,,,
29,Computer Science,Male,Pakistani,KPK,MS,Matric,Between 30K~50K,6,NO,NO,Strongly Agree,Matric,FSc/ ICS,79.64,77,2.38,2.39,3.12,3.17,3.35,2.9,Language does not effect my performance,Mix of both whiteboard and power point,Sitting place does not effect my performance,1 hour,Instructor gender does not effect my performance,Number of students does not effect my performance,I take notes during lecture,Neutral,Neutral,Neutral,Disagree,Disagree,Strongly agree,Strongly agree,Agree,Hostelite,Strongly Agree,Strongly Agree,Strongly Agree,Strongly Agree,Strongly Agree,Neutral,Disagree,Strongly disagree,Agree,Disagree,Strongly agree,Disagree,Strongly agree,Strongly disagree,Strongly disagree,Neutral,Agree,Strongly agree,Disagree,Disagree,Agree,Neutral,Neutral,Strongly disagree,Neutral,Neutral,Neutral,Agree,Strongly Agree,Strongly Agree,Strongly disagree,Agree,Neutral,Neutral,Independent study,Late night,3~4 hours,Financial crisis,,,,,,,,
28,Computer Science,Male,Pakistani,Punjab,MS,MS,Between 1Lac~2Lac,6,NO,NO,Agree,Matric,FSc/ ICS,82.91,72.82,3.29,2.33,2.88,2.89,3.09,2.89,Urdu,Mix of both whiteboard and power point,Sitting place does not effect my performance,1 hour,Instructor gender does not effect my performance,Not more than 30,Notes taking has no relation with my academic performance,Strongly disagree,Neutral,Neutral,Disagree,Neutral,Disagree,Disagree,Disagree,Day scholar,Agree,Neutral,Agree,Agree,Agree,Neutral,Neutral,Disagree,Agree,Disagree,Disagree,Disagree,Agree,Neutral,Agree,Agree,Agree,Neutral,Disagree,Agree,Agree,Agree,Neutral,Agree,Agree,Agree,Agree,Disagree,Agree,Neutral,Disagree,Neutral,Agree,Disagree,Group study,Late night,5~6 hours,Nothing,,,,,,,,
21,Computer Science,Female,Pakistani,Punjab,Matric,Below Matric,Between 50K~1Lac,5,YES,YES,Neutral,Matric,FSc/ ICS,70.82,73.73,2.61,2.43,2.88,3.04,3.39,2.88,Mix of both English and Urdu,Mix of both whiteboard and power point,First row,1 hour,Instructor gender does not effect my performance,Number of students does not effect my performance,I take notes during lecture,Strongly agree,Neutral,Neutral,Disagree,Disagree,Agree,Agree,Disagree,Day scholar,Neutral,Strongly Agree,Strongly Agree,Agree,Strongly Agree,Agree,Strongly agree,Strongly agree,Agree,Strongly agree,Strongly agree,Agree,Strongly agree,Neutral,Disagree,Disagree,Strongly agree,Agree,Agree,Strongly agree,Strongly agree,Agree,Agree,Strongly agree,Strongly agree,Strongly agree,Strongly agree,Agree,Strongly Agree,Neutral,Strongly Agree,Strongly Agree,Agree,Strongly Agree,Group study,Late night,1~2 hours,Not attending classes properly ,,,,,,,,
56,Computer Science,Male,Pakistani,Punjab,BS,Intermediate,Between 30K~50K,5,NO,YES,Strongly Agree,Matric,FSc/ ICS,85.71,73.27,3.25,2.21,2.8,3.15,2.91,2.86,Mix of both English and Urdu,Mix of both whiteboard and power point,First row,Duration of lecture does not effect my performance,Instructor gender does not effect my performance,Number of students does not effect my performance,Notes taking has no relation with my academic performance,Strongly agree,Strongly agree,Strongly disagree,Disagree,Disagree,Disagree,Disagree,Strongly disagree,Day scholar,Neutral,Strongly Agree,Agree,Disagree,Disagree,Neutral,Agree,Agree,Strongly agree,Neutral,Strongly agree,Agree,Strongly agree,Neutral,Neutral,Agree,Neutral,Disagree,Disagree,Agree,Agree,Agree,Agree,Neutral,Agree,Neutral,Agree,Neutral,Agree,Agree,Neutral,Agree,Strongly Agree,Neutral,Group study,Late night,3~4 hours,make up classes.,,,,,,,,
49,Computer Science,Male,Pakistani,Federal/ Capital,Intermediate,Below Matric,Between 50K~1Lac,Above 6,NO,YES,Neutral,Matric,FSc/ ICS,83.33,76.45,2.86,2.63,3.14,2.54,2.78,2.78,Language does not effect my performance,Mode of lecture delivery does not effect my performance,First row,Duration of lecture does not effect my performance,Instructor gender does not effect my performance,Number of students does not effect my performance,I take notes during lecture,Neutral,Disagree,Disagree,Neutral,Disagree,Strongly disagree,Strongly disagree,Strongly disagree,Day scholar,Strongly Agree,Strongly Agree,Strongly Agree,Strongly Agree,Strongly Agree,Strongly Agree,Neutral,Neutral,Strongly agree,Strongly disagree,Strongly agree,Strongly disagree,Neutral,Strongly agree,Strongly agree,Neutral,Neutral,Neutral,Neutral,Strongly agree,Strongly disagree,Strongly disagree,Strongly agree,Strongly agree,Strongly disagree,Strongly agree,Strongly agree,Neutral,Strongly Agree,Strongly Agree,Neutral,Strongly Agree,Strongly disagree,Strongly Agree,Group study,Day time,More than 8 hours,I dont like those subjects which has exams right out of the ppt slides. I donot put any effort in it. I like it when competition and alas there is none in our class. And the instructors interaction while giving the lecture does help keeping the interest intact i.e. by getting questioned from the instructor. Thank you.,,,,,,,,
72,Computer Science,Male,Pakistani,Punjab,Matric,Below Matric,Between 50K~1Lac,5,YES,NO,Agree,Matric,FSc/ ICS,81.62,74.45,2.64,2.51,3.22,2.52,2.96,2.77,Language does not effect my performance,Mix of both whiteboard and power point,Sitting place does not effect my performance,1 hour,Instructor gender does not effect my performance,Not more than 30,Only understand the concepts without noting them down,Disagree,Neutral,Strongly agree,Agree,Neutral,Neutral,Agree,Strongly agree,Hostelite,Strongly disagree,Neutral,Disagree,Agree,Disagree,Disagree,Strongly agree,Agree,Strongly agree,Strongly agree,Neutral,Agree,Agree,Agree,Neutral,Neutral,Strongly agree,Strongly agree,Agree,Disagree,Disagree,Agree,Strongly agree,Neutral,Disagree,Strongly agree,Agree,Neutral,Agree,Strongly disagree,Agree,Neutral,Disagree,Disagree,Independent study,Late night,1~2 hours,career related stress,,,,,,,,
73,Computer Science,Male,Pakistani,Punjab,BS,Intermediate,Between 30K~50K,6,YES,YES,Agree,Matric,FSc/ ICS,79.27,66.36,2.87,2.28,2.81,3.04,2.74,2.75,Mix of both English and Urdu,Mix of both whiteboard and power point,Middle row,1 hour,Instructor gender does not effect my performance,Not more than 30,I take notes during lecture,Strongly agree,Agree,Agree,Agree,Agree,Agree,Agree,Agree,Hostelite,Agree,Agree,Neutral,Agree,Agree,Agree,Neutral,Neutral,Agree,Neutral,Neutral,Agree,Agree,Agree,Agree,Agree,Agree,Agree,Agree,Agree,Agree,Agree,Agree,Agree,Agree,Agree,Agree,Neutral,Agree,Neutral,Neutral,Neutral,Neutral,Agree,Independent study,Late night,3~4 hours,More friends ,,,,,,,,
6,Computer Science,Male,Pakistani,Punjab,Matric,Matric,Between 1Lac~2Lac,5,YES,NO,Agree,Matric,FSc/ ICS,82.82,68.82,2.4,2.77,3.25,2.46,2.76,2.73,Urdu,Mix of both whiteboard and power point,First row,1 hour,Female instructor,Not more than 40,I take notes during lecture,Agree,Agree,Agree,Agree,Agree,Agree,Neutral,Disagree,Day scholar,Strongly Agree,Agree,Agree,Agree,Agree,Neutral,Agree,Agree,Agree,Agree,Agree,Agree,Agree,Agree,Agree,Strongly agree,Neutral,Agree,Agree,Agree,Agree,Agree,Strongly agree,Strongly agree,Strongly agree,Strongly agree,Strongly agree,Agree,Agree,Agree,Agree,Neutral,Neutral,Neutral,Group study,Late night,1~2 hours,None,,,,,,,,
48,Computer Science,Male,Pakistani,Federal/ Capital,BS,Intermediate,Between 1Lac~2Lac,6,NO,NO,Strongly Agree,Matric,FSc/ ICS,86.73,71.73,2.86,2.71,2.96,2.5,2.67,2.73,English,Mix of both whiteboard and power point,Middle row,1 hour,Instructor gender does not effect my performance,Not more than 30,Notes taking has no relation with my academic performance,Agree,Strongly disagree,Strongly disagree,Strongly disagree,Strongly disagree,Strongly disagree,Strongly disagree,Strongly disagree,Day scholar,Agree,Strongly Agree,Strongly Agree,Strongly Agree,Strongly Agree,Strongly Agree,Agree,Strongly agree,Strongly agree,Strongly agree,Strongly disagree,Neutral,Neutral,Strongly agree,Strongly agree,Strongly agree,Strongly agree,Agree,Strongly agree,Disagree,Disagree,Disagree,Disagree,Neutral,Neutral,Neutral,Neutral,Neutral,Neutral,Neutral,Neutral,Neutral,Neutral,Agree,Group study,Late night,7~8 hours,Travel time,,,,,,,,
41,Computer Science,Male,Pakistani,Punjab,MS,MS,Between 1Lac~2Lac,5,YES,YES,Agree,Matric,FSc/ ICS,86.64,68.73,2.81,2.63,2.65,2.59,2.91,2.72,Mix of both English and Urdu,Mix of both whiteboard and power point,Sitting place does not effect my performance,1 hour,Instructor gender does not effect my performance,Not more than 30,Only understand the concepts without noting them down,Neutral,Neutral,Neutral,Neutral,Neutral,Neutral,Neutral,Neutral,Day scholar,Strongly Agree,Strongly Agree,Strongly Agree,Strongly Agree,Strongly Agree,Strongly Agree,Strongly agree,Strongly agree,Strongly agree,Strongly agree,Strongly agree,Strongly agree,Strongly agree,Strongly agree,Strongly agree,Strongly agree,Strongly agree,Strongly agree,Strongly agree,Strongly disagree,Strongly disagree,Strongly disagree,Strongly disagree,Strongly disagree,Strongly disagree,Strongly disagree,Strongly disagree,Neutral,Neutral,Strongly disagree,Neutral,Strongly Agree,Strongly Agree,Strongly Agree,Independent study,Late night,3~4 hours,stress,,,,,,,,
40,Computer Science,Female,Pakistani,Sindh,MS,MS,Between 2Lac~3Lac,Above 6,YES,YES,Agree,Matric,FSc/ ICS,87.73,70.82,3.25,3.2,2.63,2.09,2.46,2.71,Language does not effect my performance,Mode of lecture delivery does not effect my performance,Sitting place does not effect my performance,1 hour,Instructor gender does not effect my performance,Number of students does not effect my performance,I take notes during lecture,Neutral,Strongly agree,Agree,Strongly agree,Strongly agree,Strongly agree,Neutral,Disagree,Day scholar,Neutral,Neutral,Strongly Agree,Strongly Agree,Strongly Agree,Agree,Strongly agree,Strongly agree,Strongly agree,Strongly agree,Strongly agree,Strongly agree,Strongly agree,Strongly agree,Strongly agree,Neutral,Strongly agree,Strongly agree,Strongly agree,Strongly disagree,Strongly disagree,Strongly disagree,Strongly disagree,Neutral,Strongly disagree,Strongly disagree,Strongly disagree,Neutral,Agree,Disagree,Strongly Agree,Strongly Agree,Strongly Agree,Strongly Agree,Independent study,Late night,3~4 hours,Eye-strain and headaches.,,,,,,,,
55,Computer Science,Female,Dual,Federal/ Capital,MS,Intermediate,Between 1Lac~2Lac,6,NO,NO,Strongly Agree,Matric,FSc/ ICS,87.45,85,3.21,2.88,2.39,2.19,2.72,2.67,Mix of both English and Urdu,Mix of both whiteboard and power point,First row,1 hour,Instructor gender does not effect my performance,Not more than 40,I take notes during lecture,Agree,Agree,Agree,Neutral,Neutral,Agree,Neutral,Agree,Day scholar,Agree,Strongly Agree,Strongly Agree,Strongly Agree,Strongly Agree,Strongly Agree,Agree,Neutral,Strongly agree,Neutral,Strongly agree,Strongly agree,Agree,Disagree,Agree,Strongly disagree,Strongly agree,Agree,Neutral,Agree,Strongly agree,Agree,Neutral,Agree,Agree,Agree,Agree,Disagree,Agree,Agree,Strongly Agree,Agree,Agree,Neutral,Independent study,Late night,5~6 hours,managing a job alongside studies,,,,,,,,
57,Computer Science,Male,Dual,Federal/ Capital,MS,BS,Above 3Lac,6,YES,YES,Neutral,Matric,FSc/ ICS,82.82,72.55,3.35,2.51,2.63,2.2,2.56,2.64,Mix of both English and Urdu,Mix of both whiteboard and power point,Last row,1.5 hour,Instructor gender does not effect my performance,Number of students does not effect my performance,Only understand the concepts without noting them down,Neutral,Neutral,Neutral,Neutral,Neutral,Neutral,Neutral,Neutral,Day scholar,Strongly Agree,Strongly Agree,Strongly Agree,Strongly Agree,Strongly Agree,Strongly Agree,Strongly disagree,Strongly disagree,Strongly disagree,Strongly disagree,Strongly disagree,Strongly disagree,Strongly disagree,Strongly disagree,Strongly disagree,Strongly disagree,Strongly disagree,Strongly disagree,Strongly disagree,Strongly disagree,Strongly disagree,Strongly disagree,Strongly disagree,Strongly disagree,Strongly disagree,Strongly disagree,Strongly disagree,Strongly disagree,Strongly disagree,Strongly disagree,Strongly disagree,Strongly disagree,Strongly disagree,Strongly disagree,Group study,Late night,7~8 hours,Internet not available ,,,,,,,,
63,Computer Science,Male,Pakistani,Punjab,Intermediate,Below Matric,Below 30K,5,YES,NO,Agree,Matric,FSc/ ICS,86.1,78.18,2.65,2.31,2.51,2.56,3.15,2.64,Mix of both English and Urdu,Mix of both whiteboard and power point,First row,1 hour,Instructor gender does not effect my performance,Not more than 30,I take notes during lecture,Neutral,Neutral,Neutral,Neutral,Disagree,Disagree,Disagree,Neutral,Day scholar,Agree,Neutral,Agree,Strongly Agree,Strongly Agree,Strongly Agree,Neutral,Neutral,Neutral,Neutral,Strongly agree,Neutral,Strongly agree,Neutral,Agree,Agree,Neutral,Disagree,Disagree,Neutral,Agree,Agree,Agree,Agree,Neutral,Strongly agree,Strongly agree,Strongly disagree,Strongly Agree,Strongly Agree,Strongly Agree,Neutral,Neutral,Strongly Agree,Independent study,Day time,3~4 hours,My Friends.,,,,,,,,
5,Computer Science,Male,Pakistani,KPK,BS,Intermediate,Between 50K~1Lac,5,NO,NO,Neutral,Matric,FSc/ ICS,61.43,80.64,1.23,2.43,2.51,2.74,2.35,2.64,Mix of both English and Urdu,Mix of both whiteboard and power point,Middle row,1 hour,Instructor gender does not effect my performance,Not more than 30,I take notes during lecture,Neutral,Strongly agree,Neutral,Disagree,Disagree,Strongly agree,Neutral,Neutral,Hostelite,Disagree,Agree,Disagree,Agree,Neutral,Agree,Strongly agree,Agree,Neutral,Agree,Agree,Neutral,Strongly agree,Agree,Agree,Agree,Agree,Disagree,Neutral,Agree,Strongly agree,Strongly agree,Agree,Strongly agree,Agree,Agree,Strongly agree,Agree,Strongly Agree,Agree,Agree,Agree,Disagree,Neutral,Independent study,Late night,3~4 hours,Not specific labs and equipment to perform practical works,,,,,,,,
15,Computer Science,Female,Pakistani,Punjab,MS,Intermediate,Between 2Lac~3Lac,6,NO,NO,Agree,Matric,FSc/ ICS,82.09,75.45,3.17,2.8,2.57,2.15,2.44,2.61,Mix of both English and Urdu,Mix of both whiteboard and power point,Sitting place does not effect my performance,1 hour,Instructor gender does not effect my performance,Number of students does not effect my performance,I take notes during lecture,Strongly disagree,Disagree,Disagree,Disagree,Disagree,Disagree,Disagree,Disagree,Day scholar,Strongly Agree,Strongly Agree,Neutral,Neutral,Neutral,Neutral,Agree,Agree,Agree,Agree,Agree,Agree,Agree,Disagree,Agree,Disagree,Neutral,Neutral,Neutral,Disagree,Disagree,Neutral,Agree,Disagree,Disagree,Disagree,Agree,Neutral,Agree,Neutral,Agree,Strongly Agree,Agree,Agree,Group study,Day time,1~2 hours,Stresss ,,,,,,,,
70,Computer Science,Male,Pakistani,Federal/ Capital,BS,BS,Between 2Lac~3Lac,5,YES,NO,Agree,Matric,FSc/ ICS,88,80.09,2.9,2.02,2.48,2.72,3,2.61,Language does not effect my performance,Whiteboard,Middle row,1 hour,Instructor gender does not effect my performance,Not more than 30,I take notes during lecture,Strongly agree,Neutral,Agree,Neutral,Agree,Neutral,Neutral,Agree,Day scholar,Neutral,Strongly Agree,Agree,Strongly Agree,Agree,Agree,Strongly agree,Strongly agree,Strongly agree,Strongly agree,Strongly agree,Strongly agree,Strongly agree,Agree,Agree,Neutral,Agree,Neutral,Neutral,Strongly agree,Strongly agree,Strongly agree,Strongly agree,Strongly agree,Strongly agree,Strongly agree,Strongly agree,Agree,Strongly Agree,Disagree,Agree,Disagree,Disagree,Neutral,Group study,Late night,3~4 hours,none,,,,,,,,
69,Computer Science,Female,Pakistani,Punjab,BS,BS,Between 1Lac~2Lac,6,YES,NO,Neutral,Matric,FSc/ ICS,85.91,81.36,2.56,2.67,2.53,2.61,2.69,2.61,Mix of both English and Urdu,Mix of both whiteboard and power point,Sitting place does not effect my performance,1 hour,Instructor gender does not effect my performance,Number of students does not effect my performance,I take notes during lecture,Agree,Neutral,Agree,Agree,Neutral,Disagree,Disagree,Disagree,Day scholar,Strongly Agree,Strongly Agree,Strongly Agree,Strongly Agree,Strongly Agree,Strongly Agree,Strongly agree,Strongly agree,Neutral,Disagree,Strongly agree,Neutral,Strongly agree,Disagree,Neutral,Disagree,Strongly agree,Disagree,Neutral,Agree,Neutral,Agree,Agree,Neutral,Agree,Neutral,Agree,Neutral,Strongly Agree,Strongly Agree,Strongly Agree,Neutral,Disagree,Disagree,Group study,Late night,3~4 hours,Too many slides and less time ,,,,,,,,
22,Computer Science,Female,Pakistani,Federal/ Capital,MS,BS,Between 50K~1Lac,6,NO,NO,Neutral,Matric,FSc/ ICS,89.82,74.55,2.36,2.47,2.74,3,3.37,2.6,Mix of both English and Urdu,Mix of both whiteboard and power point,First row,1 hour,Instructor gender does not effect my performance,Number of students does not effect my performance,I take notes during lecture,Neutral,Disagree,Disagree,Disagree,Disagree,Agree,Neutral,Neutral,Day scholar,Strongly Agree,Strongly Agree,Strongly Agree,Strongly Agree,Strongly Agree,Agree,Agree,Agree,Strongly agree,Agree,Agree,Neutral,Strongly agree,Neutral,Agree,Disagree,Agree,Neutral,Strongly agree,Neutral,Agree,Agree,Disagree,Agree,Neutral,Disagree,Strongly agree,Disagree,Agree,Strongly Agree,Agree,Strongly Agree,Strongly Agree,Neutral,Group study,Day time,3~4 hours,no.,,,,,,,,
52,Computer Science,Male,Pakistani,Punjab,MS,Intermediate,Between 1Lac~2Lac,6,NO,NO,Agree,Matric,FSc/ ICS,80.91,71.36,2.94,2.41,2.88,2.33,2.33,2.57,Mix of both English and Urdu,Mode of lecture delivery does not effect my performance,First row,1 hour,Instructor gender does not effect my performance,Number of students does not effect my performance,Only understand the concepts without noting them down,Neutral,Neutral,Neutral,Neutral,Neutral,Neutral,Neutral,Neutral,Day scholar,Disagree,Neutral,Agree,Neutral,Disagree,Disagree,Neutral,Agree,Agree,Agree,Strongly disagree,Disagree,Agree,Agree,Agree,Disagree,Neutral,Disagree,Disagree,Neutral,Agree,Neutral,Neutral,Neutral,Neutral,Neutral,Neutral,Neutral,Agree,Disagree,Neutral,Neutral,Disagree,Disagree,Group study,Late night,3~4 hours,Money ,,,,,,,,
25,Computer Science,Female,Pakistani,Punjab,BS,MS,Between 1Lac~2Lac,6,YES,NO,Neutral,Matric,FSc/ ICS,90.55,71.45,3.19,2.36,2.08,2.54,2.67,2.56,Mix of both English and Urdu,Power point,First row,1 hour,Instructor gender does not effect my performance,Number of students does not effect my performance,I take notes during lecture,Strongly agree,Strongly agree,Agree,Agree,Disagree,Agree,Neutral,Agree,Hostelite,Strongly Agree,Agree,Strongly disagree,Strongly disagree,Strongly disagree,Strongly disagree,Agree,Agree,Agree,Agree,Strongly disagree,Strongly agree,Strongly agree,Strongly agree,Strongly agree,Strongly agree,Strongly agree,Strongly agree,Strongly agree,Strongly agree,Strongly agree,Strongly agree,Strongly agree,Strongly agree,Strongly agree,Strongly agree,Strongly agree,Strongly Agree,Strongly Agree,Strongly Agree,Strongly Agree,Strongly Agree,Strongly Agree,Strongly Agree,Group study,Late night,More than 8 hours,social media,,,,,,,,
31,Computer Science,Male,Pakistani,Punjab,MS,BS,Above 3Lac,5,YES,NO,Agree,Matric,FSc/ ICS,96.27,86,2.73,2.31,2.51,2.54,2.65,2.55,Urdu,Power point,First row,1 hour,Instructor gender does not effect my performance,Not more than 40,I take notes during lecture,Agree,Neutral,Neutral,Agree,Strongly agree,Agree,Agree,Neutral,Hostelite,Neutral,Disagree,Disagree,Agree,Agree,Disagree,Disagree,Disagree,Agree,Agree,Neutral,Agree,Agree,Agree,Agree,Disagree,Agree,Agree,Neutral,Agree,Agree,Agree,Agree,Agree,Agree,Agree,Agree,Agree,Agree,Agree,Agree,Agree,Disagree,Disagree,Independent study,Late night,3~4 hours,Nil,,,,,,,,
35,Computer Science,Male,Pakistani,Federal/ Capital,MS,MS,Above 3Lac,5,NO,NO,Neutral,Matric,FSc/ ICS,81.82,67.82,3.23,2.84,2.35,2.05,2.28,2.54,Language does not effect my performance,Mix of both whiteboard and power point,First row,Duration of lecture does not effect my performance,Instructor gender does not effect my performance,Number of students does not effect my performance,Only understand the concepts without noting them down,Strongly agree,Strongly disagree,Strongly disagree,Strongly disagree,Strongly disagree,Strongly disagree,Strongly disagree,Neutral,Day scholar,Strongly Agree,Strongly Agree,Strongly Agree,Strongly Agree,Strongly Agree,Strongly Agree,Neutral,Strongly disagree,Strongly agree,Strongly disagree,Strongly agree,Neutral,Neutral,Strongly disagree,Strongly disagree,Strongly disagree,Strongly disagree,Strongly disagree,Strongly disagree,Neutral,Strongly agree,Strongly agree,Strongly disagree,Strongly disagree,Strongly disagree,Strongly agree,Strongly agree,Agree,Strongly Agree,Neutral,Strongly Agree,Strongly disagree,Strongly disagree,Strongly Agree,Group study,Day time,1~2 hours,Travelling time and health issues has been highlighted ,,,,,,,,
38,Computer Science,Male,Pakistani,Punjab,Matric,Matric,Below 30K,Above 6,NO,NO,Strongly disagree,Matric,FSc/ ICS,84.91,76.73,2.63,2.2,2.73,2.78,2.35,2.53,Mix of both English and Urdu,Mix of both whiteboard and power point,First row,1 hour,Instructor gender does not effect my performance,Not more than 30,Only understand the concepts without noting them down,Agree,Neutral,Neutral,Neutral,Neutral,Neutral,Neutral,Neutral,Day scholar,Agree,Agree,Strongly disagree,Strongly Agree,Disagree,Strongly Agree,Agree,Agree,Agree,Disagree,Agree,Agree,Strongly agree,Neutral,Neutral,Neutral,Neutral,Neutral,Neutral,Agree,Agree,Agree,Disagree,Neutral,Neutral,Neutral,Neutral,Neutral,Neutral,Neutral,Neutral,Neutral,Neutral,Neutral,Independent study,Late night,1~2 hours,Job,,,,,,,,
58,Computer Science,Male,Pakistani,Punjab,Matric,BS,Between 50K~1Lac,4,NO,NO,Strongly Agree,Matric,FSc/ ICS,82.73,61.45,3.44,2.8,2.2,2.09,2.06,2.5,Language does not effect my performance,Mode of lecture delivery does not effect my performance,Sitting place does not effect my performance,Duration of lecture does not effect my performance,Instructor gender does not effect my performance,Number of students does not effect my performance,I take notes during lecture,Agree,Neutral,Disagree,Disagree,Agree,Neutral,Disagree,Disagree,Day scholar,Strongly Agree,Strongly Agree,Strongly Agree,Strongly Agree,Strongly Agree,Strongly Agree,Agree,Agree,Agree,Agree,Strongly agree,Neutral,Neutral,Strongly disagree,Neutral,Neutral,Neutral,Neutral,Neutral,Agree,Agree,Agree,Agree,Agree,Agree,Agree,Agree,Agree,Strongly Agree,Neutral,Strongly Agree,Disagree,Agree,Strongly Agree,Independent study,Late night,3~4 hours,Family Stress,,,,,,,,
59,Computer Science,Male,Pakistani,Punjab,Intermediate,BS,Between 1Lac~2Lac,Above 6,NO,NO,Disagree,Matric,FSc/ ICS,91.73,73.45,1.94,2.39,2.49,2.43,3.11,2.48,Language does not effect my performance,Whiteboard,Sitting place does not effect my performance,1 hour,Instructor gender does not effect my performance,Number of students does not effect my performance,I take notes during lecture,Strongly agree,Disagree,Disagree,Disagree,Neutral,Neutral,Strongly disagree,Strongly disagree,Hostelite,Strongly Agree,Disagree,Agree,Disagree,Agree,Agree,Strongly agree,Strongly agree,Strongly agree,Strongly agree,Strongly agree,Strongly agree,Strongly agree,Agree,Strongly disagree,Agree,Strongly agree,Agree,Neutral,Agree,Strongly agree,Strongly agree,Strongly agree,Agree,Neutral,Agree,Neutral,Disagree,Agree,Agree,Agree,Neutral,Agree,Strongly Agree,Group study,Late night,1~2 hours,Lack of internet connectivity in hostel especially in exams,,,,,,,,
50,Computer Science,Male,Pakistani,Punjab,BS,BS,Between 50K~1Lac,5,YES,NO,Agree,Matric,FSc/ ICS,73.09,76.73,3.23,2.04,2.22,2.46,2.45,2.47,Mix of both English and Urdu,Mix of both whiteboard and power point,Sitting place does not effect my performance,1 hour,Instructor gender does not effect my performance,Number of students does not effect my performance,Only understand the concepts without noting them down,Neutral,Neutral,Neutral,Neutral,Neutral,Neutral,Neutral,Neutral,Hostelite,Agree,Agree,Agree,Agree,Agree,Agree,Agree,Agree,Agree,Agree,Agree,Agree,Agree,Neutral,Neutral,Neutral,Neutral,Agree,Agree,Disagree,Neutral,Neutral,Neutral,Neutral,Agree,Agree,Agree,Disagree,Strongly Agree,Agree,Strongly Agree,Neutral,Agree,Agree,Independent study,Day time,3~4 hours,Stress,,,,,,,,
54,Computer Science,Male,Pakistani,Sindh,Intermediate,Intermediate,Below 30K,4,NO,NO,Agree,Matric,FSc/ ICS,85.41,66.27,3.02,2.2,2.14,2.17,2.65,2.43,Language does not effect my performance,Mix of both whiteboard and power point,Sitting place does not effect my performance,1 hour,Instructor gender does not effect my performance,Number of students does not effect my performance,I take notes during lecture,Agree,Disagree,Strongly disagree,Strongly disagree,Strongly disagree,Disagree,Strongly disagree,Strongly disagree,Day scholar,Neutral,Neutral,Agree,Disagree,Strongly Agree,Strongly Agree,Strongly agree,Strongly agree,Strongly agree,Strongly agree,Strongly agree,Strongly agree,Strongly agree,Strongly agree,Agree,Neutral,Agree,Agree,Agree,Agree,Strongly disagree,Strongly disagree,Strongly disagree,Strongly disagree,Strongly disagree,Strongly disagree,Strongly disagree,Strongly Agree,Strongly Agree,Neutral,Disagree,Disagree,Strongly disagree,Disagree,Group study,Day time,3~4 hours,-,,,,,,,,
1,Computer Science,Male,Pakistani,Punjab,MS,PhD/ Doctor,Between 50K~1Lac,5,YES,YES,Agree,Matric,FSc/ ICS,86.95,76.45,3.06,2.63,2.63,1.98,1.87,2.43,Language does not effect my performance,Mode of lecture delivery does not effect my performance,First row,1 hour,Instructor gender does not effect my performance,Number of students does not effect my performance,I take notes during lecture,Strongly disagree,Agree,Agree,Neutral,Neutral,Agree,Neutral,Neutral,Hostelite,Disagree,Neutral,Disagree,Strongly disagree,Strongly disagree,Strongly disagree,Neutral,Neutral,Neutral,Neutral,Disagree,Neutral,Neutral,Strongly agree,Strongly agree,Strongly agree,Neutral,Strongly disagree,Neutral,Neutral,Agree,Agree,Disagree,Strongly disagree,Neutral,Agree,Strongly agree,Agree,Strongly Agree,Disagree,Strongly disagree,Strongly Agree,Strongly Agree,Agree,Group study,Day time,5~6 hours,"- work other than studying ( like I'm in to technology business, so it's very hard for me to focus on studying which will give no real value to me. Real work is totally different from this university teaching & learning world)",,,,,,,,
27,Computer Science,Male,Pakistani,Punjab,BS,BS,Between 50K~1Lac,6,YES,NO,Neutral,Matric,FSc/ ICS,84.27,74.45,2.46,2,2.7,2.59,2.3,2.41,Language does not effect my performance,Mix of both whiteboard and power point,Sitting place does not effect my performance,1 hour,Instructor gender does not effect my performance,Number of students does not effect my performance,I take notes during lecture,Agree,Neutral,Neutral,Neutral,Agree,Neutral,Neutral,Agree,Day scholar,Neutral,Neutral,Agree,Agree,Agree,Agree,Agree,Agree,Agree,Agree,Neutral,Strongly agree,Agree,Neutral,Agree,Neutral,Agree,Agree,Strongly disagree,Agree,Neutral,Agree,Agree,Agree,Agree,Strongly agree,Strongly agree,Neutral,Strongly Agree,Neutral,Neutral,Agree,Neutral,Agree,Independent study,Late night,5~6 hours,due to lack of interest,,,,,,,,
45,Computer Science,Male,Pakistani,Punjab,MS,MS,Between 1Lac~2Lac,6,YES,NO,Neutral,Matric,FSc/ ICS,81.73,75.64,2.79,1.8,2.49,2.35,2.59,2.4,Mix of both English and Urdu,Mix of both whiteboard and power point,Sitting place does not effect my performance,1 hour,Instructor gender does not effect my performance,Not more than 30,I take notes during lecture,Strongly agree,Strongly agree,Strongly agree,Strongly agree,Strongly agree,Strongly agree,Strongly agree,Strongly agree,Hostelite,Agree,Agree,Agree,Agree,Neutral,Agree,Strongly agree,Strongly agree,Strongly agree,Strongly agree,Neutral,Strongly agree,Strongly agree,Neutral,Agree,Strongly agree,Strongly agree,Strongly agree,Strongly agree,Strongly agree,Strongly agree,Strongly agree,Neutral,Neutral,Strongly agree,Strongly disagree,Strongly disagree,Neutral,Strongly Agree,Strongly Agree,Strongly Agree,Strongly Agree,Strongly Agree,Strongly Agree,Group study,Late night,5~6 hours,Peer pressure,,,,,,,,
68,Computer Science,Female,Pakistani,Sindh,MS,MS,Above 3Lac,6,NO,NO,Agree,Matric,FSc/ ICS,83.06,66.18,2.65,1.49,2.59,2.48,2.9,2.39,Mix of both English and Urdu,Mix of both whiteboard and power point,Sitting place does not effect my performance,1 hour,Instructor gender does not effect my performance,Not more than 50,I take notes during lecture,Neutral,Neutral,Neutral,Neutral,Neutral,Strongly disagree,Strongly disagree,Strongly disagree,Hostelite,Strongly Agree,Disagree,Disagree,Disagree,Disagree,Disagree,Strongly disagree,Strongly disagree,Strongly disagree,Strongly disagree,Strongly disagree,Neutral,Neutral,Neutral,Neutral,Neutral,Disagree,Strongly agree,Neutral,Agree,Agree,Agree,Neutral,Strongly agree,Strongly agree,Neutral,Strongly agree,Disagree,Disagree,Neutral,Neutral,Strongly Agree,Strongly Agree,Strongly Agree,Group study,Late night,1~2 hours,"Depression, mental stress, teacher's strictness ",,,,,,,,
46,Computer Science,Male,Pakistani,Punjab,PhD/ Doctor,MS,Below 30K,5,NO,NO,Neutral,Matric,FSc/ ICS,87.75,70.73,2.9,2.27,1.94,2.24,2.61,2.39,Language does not effect my performance,Whiteboard,Sitting place does not effect my performance,1 hour,Instructor gender does not effect my performance,Not more than 40,I take notes during lecture,Agree,Neutral,Neutral,Neutral,Neutral,Neutral,Neutral,Neutral,Hostelite,Agree,Neutral,Neutral,Neutral,Neutral,Neutral,Strongly agree,Strongly agree,Strongly agree,Strongly agree,Strongly agree,Strongly agree,Strongly agree,Neutral,Neutral,Neutral,Neutral,Neutral,Neutral,Neutral,Neutral,Neutral,Neutral,Neutral,Neutral,Neutral,Neutral,Neutral,Neutral,Neutral,Neutral,Neutral,Neutral,Neutral,Independent study,Day time,1~2 hours,None,,,,,,,,
24,Computer Science,Male,Pakistani,Punjab,Intermediate,Intermediate,Between 50K~1Lac,2,NO,NO,Agree,Matric,FSc/ ICS,83.09,72.45,3.38,2.25,2.27,1.8,2.31,2.38,Mix of both English and Urdu,Mix of both whiteboard and power point,Sitting place does not effect my performance,1.5 hour,Instructor gender does not effect my performance,Number of students does not effect my performance,I take notes during lecture,Strongly agree,Disagree,Agree,Agree,Neutral,Neutral,Agree,Neutral,Day scholar,Agree,Strongly Agree,Strongly Agree,Strongly Agree,Strongly Agree,Strongly Agree,Agree,Strongly disagree,Strongly agree,Disagree,Agree,Agree,Strongly agree,Strongly disagree,Strongly disagree,Strongly disagree,Strongly agree,Agree,Neutral,Strongly agree,Strongly agree,Strongly agree,Agree,Strongly agree,Neutral,Strongly agree,Strongly agree,Strongly Agree,Neutral,Neutral,Strongly Agree,Agree,Strongly Agree,Neutral,Group study,Day time,1~2 hours,Human error on my part and really really bad social experiences have made me careless in university and studies as well.,,,,,,,,
4,Computer Science,Male,Pakistani,Punjab,MS,Intermediate,Between 1Lac~2Lac,6,NO,NO,Neutral,Cambridge,FSc/ ICS,68.78,75.36,2.83,2.61,2.33,2.09,1.93,2.34,Mix of both English and Urdu,Mix of both whiteboard and power point,Sitting place does not effect my performance,1 hour,Instructor gender does not effect my performance,Not more than 30,I take notes during lecture,Neutral,Neutral,Neutral,Neutral,Neutral,Neutral,Neutral,Neutral,Day scholar,Neutral,Neutral,Neutral,Neutral,Neutral,Neutral,Neutral,Neutral,Neutral,Neutral,Neutral,Neutral,Neutral,Neutral,Neutral,Neutral,Neutral,Neutral,Neutral,Strongly agree,Strongly agree,Agree,Neutral,Neutral,Neutral,Strongly agree,Neutral,Neutral,Strongly Agree,Neutral,Neutral,Neutral,Neutral,Neutral,Independent study,Late night,1~2 hours,"Nil, I my self did was not interested in study due to smoking regulary in 5 and 6 semester",,,,,,,,
60,Computer Science,Male,Pakistani,International,MS,BS,Between 1Lac~2Lac,Above 6,YES,NO,Disagree,Matric,FSc/ ICS,88.73,71.91,3.29,2.27,1.69,2.22,2.24,2.33,Language does not effect my performance,Mix of both whiteboard and power point,Sitting place does not effect my performance,1 hour,Instructor gender does not effect my performance,Number of students does not effect my performance,I take notes during lecture,Strongly disagree,Neutral,Neutral,Neutral,Agree,Neutral,Neutral,Neutral,Hostelite,Neutral,Neutral,Neutral,Neutral,Neutral,Neutral,Strongly agree,Strongly agree,Strongly agree,Strongly agree,Agree,Agree,Agree,Disagree,Neutral,Neutral,Neutral,Neutral,Neutral,Neutral,Neutral,Neutral,Neutral,Strongly agree,Neutral,Neutral,Neutral,Agree,Agree,Agree,Strongly Agree,Neutral,Agree,Neutral,Independent study,Late night,3~4 hours,None,,,,,,,,
19,Computer Science,Male,Pakistani,Punjab,BS,MS,Between 2Lac~3Lac,Above 6,NO,NO,Neutral,Matric,FSc/ ICS,90.64,75.73,2.21,2,2.47,2.58,2.63,2.32,Mix of both English and Urdu,Whiteboard,Sitting place does not effect my performance,1 hour,Instructor gender does not effect my performance,Not more than 30,Only understand the concepts without noting them down,Strongly disagree,Strongly agree,Neutral,Agree,Strongly agree,Strongly agree,Strongly agree,Strongly agree,Day scholar,Disagree,Strongly Agree,Strongly Agree,Strongly Agree,Strongly Agree,Strongly Agree,Strongly agree,Agree,Neutral,Agree,Strongly agree,Strongly agree,Strongly agree,Agree,Strongly agree,Strongly agree,Strongly agree,Strongly agree,Strongly agree,Strongly disagree,Strongly disagree,Agree,Agree,Neutral,Strongly agree,Strongly agree,Strongly agree,Disagree,Neutral,Strongly Agree,Strongly Agree,Strongly Agree,Strongly Agree,Neutral,Group study,Day time,3~4 hours,University environment ,,,,,,,,
61,Computer Science,Male,Pakistani,Punjab,Intermediate,Matric,Between 50K~1Lac,6,NO,NO,Neutral,Matric,FSc/ ICS,89.09,73.82,2.29,2.12,2.39,2.15,1.93,2.17,Urdu,Whiteboard,First row,1 hour,Instructor gender does not effect my performance,Number of students does not effect my performance,I take notes during lecture,Strongly disagree,Neutral,Neutral,Neutral,Neutral,Neutral,Neutral,Neutral,Day scholar,Strongly Agree,Agree,Strongly Agree,Strongly Agree,Agree,Agree,Strongly agree,Strongly agree,Strongly agree,Strongly agree,Strongly agree,Strongly agree,Agree,Neutral,Neutral,Neutral,Neutral,Neutral,Neutral,Neutral,Neutral,Neutral,Agree,Neutral,Neutral,Neutral,Neutral,Neutral,Neutral,Neutral,Neutral,Neutral,Agree,Neutral,Group study,Day time,3~4 hours,Noting ,,,,,,,,
64,Computer Science,Female,Pakistani,Federal/ Capital,Intermediate,MS,Between 30K~50K,5,NO,NO,Agree,Matric,FSc/ ICS,74.95,79.82,2.9,1.26,2.58,1.46,2.13,2.17,Language does not effect my performance,Mode of lecture delivery does not effect my performance,First row,1 hour,Instructor gender does not effect my performance,Not more than 30,Only understand the concepts without noting them down,Neutral,Strongly disagree,Agree,Strongly agree,Neutral,Agree,Neutral,Neutral,Day scholar,Agree,Agree,Agree,Agree,Neutral,Strongly Agree,Agree,Agree,Agree,Agree,Agree,Agree,Strongly agree,Agree,Agree,Disagree,Agree,Neutral,Agree,Strongly disagree,Strongly agree,Disagree,Agree,Disagree,Disagree,Strongly agree,Neutral,Disagree,Strongly Agree,Disagree,Disagree,Disagree,Neutral,Agree,Group study,Late night,7~8 hours,Online classes allowing for a lax and carefree attitude,,,,,,,,
65,Computer Science,Male,Pakistani,KPK,MS,BS,Above 3Lac,3,YES,NO,Neutral,Matric,FSc/ ICS,80,77.36,2.58,2.35,2.16,1.83,1.93,2.16,Language does not effect my performance,Mix of both whiteboard and power point,Sitting place does not effect my performance,1 hour,Instructor gender does not effect my performance,Not more than 30,Only understand the concepts without noting them down,Disagree,Agree,Disagree,Agree,Disagree,Disagree,Disagree,Agree,Day scholar,Strongly Agree,Strongly Agree,Strongly Agree,Strongly Agree,Strongly Agree,Strongly Agree,Strongly agree,Strongly agree,Strongly agree,Strongly agree,Strongly agree,Strongly agree,Strongly agree,Neutral,Neutral,Strongly agree,Strongly agree,Strongly agree,Disagree,Agree,Agree,Disagree,Agree,Agree,Agree,Agree,Agree,Strongly disagree,Strongly Agree,Agree,Agree,Neutral,Disagree,Strongly disagree,Group study,Day time,3~4 hours,Too many useless subjects and lack of teaching technical skills by university makes me loose my interest.,,,,,,,,
3,Computer Science,Male,Pakistani,Punjab,MS,PhD/ Doctor,Between 2Lac~3Lac,6,NO,NO,Agree,Matric,FSc/ ICS,84.09,59.09,,1.86,2.47,1.74,2.62,2.15,Urdu,Whiteboard,First row,1 hour,Female instructor,Not more than 30,I take notes during lecture,Strongly agree,Disagree,Strongly agree,Strongly agree,Strongly agree,Strongly agree,Agree,Strongly agree,Day scholar,Agree,Neutral,Strongly disagree,Strongly Agree,Agree,Strongly Agree,Strongly agree,Agree,Agree,Agree,Strongly agree,Agree,Strongly agree,Strongly agree,Strongly agree,Neutral,Agree,Strongly agree,Strongly agree,Disagree,Disagree,Disagree,Agree,Neutral,Agree,Agree,Agree,Agree,Agree,Disagree,Strongly Agree,Agree,Agree,Agree,Independent study,Day time,1~2 hours,When any teacher call your name again and again in every lecture and he/she knows that you do not know the answer of the question. It shatters all your confidence. ,,,,,,,,
67,Computer Science,Male,Pakistani,Punjab,Intermediate,Intermediate,Between 50K~1Lac,5,NO,NO,Neutral,Matric,FSc/ ICS,86.18,70.91,2.1,1.9,1.98,2.35,2.28,2.13,Mix of both English and Urdu,Mix of both whiteboard and power point,Last row,Duration of lecture does not effect my performance,Instructor gender does not effect my performance,Number of students does not effect my performance,I take notes during lecture,Agree,Neutral,Neutral,Agree,Strongly agree,Neutral,Agree,Neutral,Day scholar,Neutral,Neutral,Disagree,Neutral,Strongly Agree,Agree,Neutral,Neutral,Neutral,Disagree,Neutral,Disagree,Neutral,Disagree,Disagree,Neutral,Neutral,Neutral,Neutral,Neutral,Neutral,Neutral,Neutral,Neutral,Agree,Neutral,Neutral,Neutral,Neutral,Agree,Neutral,Neutral,Neutral,Neutral,Group study,Day time,3~4 hours,There is no other variable that has negatives impact on my academic performance ,,,,,,,,
71,Computer Science,Male,Pakistani,Punjab,Intermediate,MS,Above 3Lac,6,NO,NO,Strongly Agree,Matric,FSc/ ICS,91.18,68.82,2.58,1.81,1.96,2.07,1.81,2.05,Mix of both English and Urdu,Power point,Sitting place does not effect my performance,1 hour,Instructor gender does not effect my performance,Number of students does not effect my performance,Only understand the concepts without noting them down,Neutral,Disagree,Neutral,Neutral,Neutral,Neutral,Neutral,Neutral,Day scholar,Agree,Agree,Agree,Agree,Agree,Agree,Strongly agree,Strongly agree,Strongly agree,Strongly agree,Strongly disagree,Strongly agree,Strongly agree,Strongly agree,Strongly agree,Strongly agree,Agree,Agree,Strongly disagree,Disagree,Agree,Strongly disagree,Disagree,Neutral,Strongly agree,Disagree,Agree,Agree,Strongly Agree,Strongly disagree,Strongly disagree,Strongly disagree,Agree,Strongly Agree,Independent study,Late night,3~4 hours,"demotivated to chase grades as they are of no use, due to situation of jobs in Pakistan everything is based on sifarish so id rather enjoy my youth then to chase grades maybe if it was a worthwhile institute id think otherwise and teachers should understand this too and be lenient and give good grades ",,,,,,,,
66,Computer Science,Male,Pakistani,Punjab,BS,BS,Between 50K~1Lac,5,NO,NO,Neutral,Matric,FSc/ ICS,85.55,71.45,2.35,3.33,2.2,1.63,2.58,2.03,Mix of both English and Urdu,Power point,Sitting place does not effect my performance,Duration of lecture does not effect my performance,Instructor gender does not effect my performance,Not more than 40,Only understand the concepts without noting them down,Strongly disagree,Strongly agree,Agree,Strongly agree,Neutral,Agree,Agree,Neutral,Day scholar,Agree,Agree,Agree,Strongly Agree,Agree,Strongly Agree,Agree,Agree,Agree,Agree,Strongly agree,Agree,Agree,Agree,Neutral,Neutral,Strongly agree,Agree,Agree,Agree,Neutral,Agree,Agree,Agree,Neutral,Strongly agree,Agree,Disagree,Strongly Agree,Strongly Agree,Agree,Strongly Agree,Agree,Agree,Group study,Day time,5~6 hours,sometimes teacher starts talking about uncessary things  which i dont find alluring.,,,,,,,,
62,Computer Science,Male,Pakistani,Punjab,Matric,Below Matric,Between 50K~1Lac,4,YES,NO,Agree,Matric,FSc/ ICS,88.27,79.27,,1.35,3.18,3.06,3.32,,Urdu,Mix of both whiteboard and power point,Last row,1 hour,Instructor gender does not effect my performance,Number of students does not effect my performance,Notes taking has no relation with my academic performance,Agree,Agree,Agree,Agree,Disagree,Agree,Agree,Disagree,Hostelite,Agree,Agree,Disagree,Disagree,Agree,Disagree,Agree,Agree,Agree,Agree,Agree,Agree,Agree,Agree,Agree,Disagree,Neutral,Neutral,Neutral,Agree,Agree,Agree,Agree,Agree,Agree,Agree,Agree,Agree,Agree,Neutral,Disagree,Agree,Agree,Agree,Independent study,Day time,1~2 hours,None,,,,,,,,
